question,answer,filename,slide_number
"Как за 10 лет изменилось количество телепрограмм, привлекающих более 4-х млн. зрителей в Великобритании?","Сократилось более, чем на 50%",32,34
Какие партнёры у компании MediaDesk?,"Radar, Platforma, Эвотор, Tiburon, Яндекс Метрика, Similarweb, Amberdata, LiveInternet",0,9
Сколько процентов респондентов счыитают использование LinkedIn в качестве платформы для размещения рекламы в 2024 году абсолютно неудобным?,6,24,69
"Почему Facebook остаётся значимой платформой для возрастной группы 35-70 лет, несмотря на ограничения и конкуренцию со стороны других платформ?","Facebook ориентирован на зрелую аудиторию, привлекая пользователей контентом для общения и информационного обмена. Рост на +700 млн пользователей подтверждает его востребованность в данной возрастной категории, даже в условиях ограничений.",24,322
Как ВКонтакте поддерживает свою популярность в России на фоне конкуренции и запретов в других странах?,"Несмотря на ограничения на Украине и в Туркменистане, ВКонтакте поддерживает высокий уровень вовлечённости в России благодаря локальному контенту и акценту на ведение блогов и публикацию клипов, что привлекает широкую аудиторию — более 60% российского населения.",24,322
С какой даты наблюдается присот охвата сети Одноклассники?,с 14 марта 2022 года,24,358
Какова причина увеличения пользователей сети Одноклассники?,блокировка Instagram,24,358
Кто такая Подлегаева Светлана?,СОО Компании MediaDesk,0,2
Сколько лет на рынке digital-рекламы Подлегаева Светлана?,Больше 20 лет,0,2
На каких позициях работала Подлегаева Светлана?,"Работала на позициях CDO, CDTO в международных и российских компаниях",0,2
Для кого доступен рекламный кабинет на платформе Yappy?,Только для юридических лиц,24,400
Какие возможности у слабого narrow AI?,Получение информации и первичная обработка данных. Сортировка информации по блокам и обобщение,0,4
Какие возможности у сильного AI?,Построение объективных выводов и прогнозирование будущего,0,4
Какие возможности у супер-ии super AI?,"Субъектность, рефлексия, мотивировка принятия решений",0,4
Особенности трейдингового модуля?,"DSP и SSP, кросс-частота, автоматическая оптимизация, гарантия качества",0,11
Особенности платформы управления данными?,"Партнеры, качество данных, кастомные сегменты, stable id",0,9
Какие российские площадки не привлекают рекламодателей?,"Wikipedia, РувикиРуниверсалис",24,405
Есть ли монетизация на платформе Грустнограм?,Нет и планы на ее развитие неизвестны,24,408
Какое количество крупных взломов было в социальной сети Facebook в 2023 году?,1 крупный взлом,24,423
Какое количество больших утечек данных было в 2023 году в социальной сети Rutube?,0 больших утечек данных,24,424
Какое количество случаев длительной недоступности было в 2023 году в социальной сети Lookly?,0 случаев длительной недоступности,24,425
Используется ли ИИ в алгоритмах рекомендаций в социальной сети Facebook?,Технология активно используется,24,426
Используются ли технологии дополненой реальности в социальной сети Yappi?,Технология не используется,24,427
Есть ли чат-бот в социальной сети Рувики?,Технология не используется,24,429
"Есть ли социальные сети, в которых пользовательское соглашение нарушает права пользователя?",Нет,24,432
"Есть ли платформы, которыми пользователи не пользовались за последние три месяца?",Нет,24,438
Как часто респонденты пользовались социальной сетью Звук?,Несколько раз в неделю,24,439
Насколько удобным пользователи - респонденты считают интерфейс сети Яндекс Музыка?,Интерфейс удобный,24,440
Насколько точной считают пользователи - респонденты рекомендательную систему сети TenChat?,Рекомендательные алгоритмы точные,24,442
Насколько качественной считают работу техподдержки пользователи - респонденты в сети Yappi?,Техническая поддержка работает хорошо,24,444
Использовали ли респонденты сеть Lookly для размещения рекламы в 2023 году?,Использовали,24,452
На какое место поставили респонденты сеть TikTok по степени убывания рекламной эффективности в 2023 году?,6ая-10ая позиция,24,453
Видели ли респонденты рекламу в сети Wikipedia?,Не видели,24,456
Видели ли респонденты деструктивную и запрещенную рекламу в сети Wikipedia?,Видели,24,458
Насколько удобной для покупок считают пользователи - респонденты сеть LinkedIn?,Система монетизации контента работает нейтрально,24,461
Насколько возможной пользователи - респонденты считают сеть Звук для оплаты через российские банковские сервисы?,"На платформе есть возможность использовать российские банковские сервисы, и респонденты этим пользуются",24,463
"Какими платформами собраны, обработаны и презентованы данные?","ИЦ АКАР/АРИР/РАМУ при поддержке АРИР, РОЦИТ",24,466
"What is the “realness” movement that Gen Z is advocating for, and what drives it?","The ""realness"" movement is a push from Generation Z for more authenticity and honesty in online spaces. Tired of perfection, they seek genuine and meaningful interactions rather than flawless, polished content, driving a shift toward more real and relatable online experiences.",2,7
Why is User-Generated Content (UGC) becoming more appealing to consumers than high-production content?,"In 2024, consumers will prefer User-Generated Content (UGC) because it feels more authentic and trustworthy than content produced by brands. People connect better with genuine voices and experiences, seeing fellow consumers as more relatable and believable than corporate messages.",2,7
How do consumers want brands to communicate with them in the era of the “realness” movement?,"Consumers no longer want brands to simply explain their value; instead, they prefer hearing from other customers who share their experiences with the brand’s products or services. This shift allows customers to feel they are hearing real opinions from real people.",2,7
What benefit does the “realness” movement offer brands and content creators?,"Brands benefit by leveraging User-Generated Content (UGC) as it is cost-effective and appears more authentic to consumers. This trend also creates new opportunities for content creators, who can produce UGC for brands, meeting the demand for genuine and trustworthy content.",2,7
"What are audiences currently looking for in social media content, and why is this shift significant?","Audiences are increasingly seeking transparency and authenticity, gravitating toward content that features real people, genuine insights from employees, and relatable video content. This shift is significant because it emphasizes trust and personal connection over polished, traditional branding, aligning with audiences’ desire for authenticity.",2,8
"Why are brands collaborating with creators who produce genuine content, and what impact does this have on audiences?","Brands collaborate with authentic creators because these creators naturally connect with audiences who trust their honest storytelling. This approach builds a loyal audience and fosters trust, making viewers more likely to consider or even purchase products from brands associated with creators they respect.",2,8
How can a strong social media team go beyond creating awareness for a brand?,"A strong social media team can influence audience actions beyond awareness, such as generating link clicks, collecting leads, and encouraging steps in the “consideration” stage. This ability to drive concrete actions transforms social media from a mere communication channel into a direct contributor to a brand’s success.",2,8
"What qualities should brands look for when hiring individuals to represent them on social media, and why are these qualities valuable?","Brands should look for individuals skilled in storytelling, social media communication, and who are charismatic onscreen. These qualities make them effective brand ambassadors, able to build trust and influence purchase decisions, thus enhancing the brand’s appeal and facilitating social selling.",2,8
"How does the trend toward “raw” or “unpolished” content benefit brands, and why might traditional social media managers miss this trend?","The trend toward “raw” content benefits brands by making them appear more relatable and trustworthy to audiences who favor authentic-looking videos, even if they seem casually filmed on a phone. Traditional social media managers may miss this trend due to a preference for polished content, not recognizing that audiences now value authenticity over production quality.",2,8
How has artificial intelligence changed digital marketing on social media?,"AI has transformed digital marketing by making processes more efficient for social media professionals. It enables personalized advertising through machine learning and pattern recognition, leading to improved targeting, customer recommendations, and higher conversion rates.",2,21
What specific AI advancements have improved the user experience on social media?,"AI has enhanced the user experience with web chatbots for quick customer responses, automated text translations, personalized social media post suggestions based on browsing history, and content-generation tools for professionals and educators. These advancements provide a more agile and responsive social media experience.",2,21
How does AI impact the efficiency of content creation for social media professionals?,"AI allows content creation to be done quickly and efficiently by suggesting relevant posts, generating content automatically, and adapting to user patterns. This increased speed and precision inspire professionals by allowing them to create and share content more effectively.",2,21
"Why is personalized advertising more effective with the help of AI, and what result does this have on conversion rates?","AI-driven personalized advertising leverages machine learning and pattern recognition to target customers with precision, making recommendations that resonate more with individual users. This personalized approach increases engagement and leads to higher conversion rates by delivering more relevant ads.",2,21
How is AI expected to change the future of YouTube recommendations?,"Future AI features on YouTube will enable video recommendations tailored precisely to users' moods through summaries, curated playlists, and personalized content based on browsing history and watch time, making the platform more responsive to individual preferences.",2,23
Why is it important to stay updated on the latest AI tools in 2024?,"Staying informed about new AI tools can save time and greatly enhance strategy optimization by providing efficient solutions for content creation, scheduling, and performance tracking, ultimately making social media management more effective.",2,23
What is the benefit of using generative AI for social media content creation?,"Generative AI can streamline content creation by automating copy generation, saving time for social media managers. However, it’s crucial to ensure the AI-generated content aligns with the brand's voice to maintain authenticity.",2,23
How can AI help improve social media strategy through data analysis?,"AI assists in analyzing user behavior and preferences, enabling marketers to personalize content effectively. By recording activity patterns, AI provides insights that can inform strategy adjustments for better audience engagement.",2,23
Why is a balance between AI automation and human input important in social media management?,"While AI can automate many tasks, a human touch is essential for overseeing processes, making nuanced decisions, and adapting strategies based on AI insights combined with the team's expertise and intuition to maintain authenticity and effectiveness.",2,23
Why does TikTok continue to perform strongly among social media platforms?,"TikTok leads in user engagement and retention rates and dominates the short video format, which is a key content goal across social networks. Brands that understand how to leverage TikTok find it an excellent tool for connecting with audiences.",2,27
What concerns do TikTok users in the U.S. have about the platform’s future?,U.S. TikTok users are concerned about potential regulations affecting the platform's availability. This uncertainty has led some users to consider alternative platforms like YouTube Shorts.,2,27
How do TikTok's future goals align with content creators' priorities?,"TikTok aims to maintain its position by welcoming content creators focused on authenticity and active community engagement, aligning with creators who value genuine connections and responsible content sharing.",2,27
What are the expectations for TikTok's growth in the social media landscape?,"Visionaries anticipate that TikTok will remain a top platform, with its success driven by engaging, authentic user-generated content (UGC) videos that continue to resonate with global audiences.",2,27
What content is now prioritized by LinkedIn’s algorithm?,LinkedIn’s algorithm now favors content from creators with established authority and credentials over influencer-style content from platforms like TikTok and Instagram.,2,29
How are B2B companies expected to use LinkedIn in 2024?,"B2B companies are expected to feature CEOs and other top executives more prominently, allowing them to take center stage in social media communications. This approach is intended to foster direct engagement and build trust by humanizing brands.",2,29
What unique advantage does LinkedIn offer for professional networking?,"LinkedIn’s focus on innovation and meaningful connections makes it an unmatched platform for professional networking, allowing leaders to engage directly with potential business partners and clients.",2,29
Why might audiences prefer CEO and executive profiles over company profiles on LinkedIn?,"Audiences increasingly seek humanized brand interactions, and executive profiles offer transparency and a sense of personal connection that resonates more with users than traditional company profiles.",2,29
What is the main purpose of A/B testing for digital marketers?,"A/B testing allows digital marketers to determine which variations of websites, landing pages, or email campaigns perform best, enabling them to optimize their digital marketing strategies.",2,34
How does A/B testing benefit brands in terms of audience engagement?,"By experimenting with different content types and messaging, brands can discover new ways to connect with their audience, potentially expanding their reach and uncovering growth opportunities.",2,34
How will the use of A/B testing evolve in 2024 according to the vision statement?,"A/B testing will become more common on social media platforms, with brands following a 20/80 investment approach: 20% in experimental strategies and 80% in tried-and-tested methods based on past campaign insights.",2,34
What insights can A/B testing provide to marketers?,"A/B testing offers valuable insights into what content and strategies resonate best with audiences, helping marketers refine their approaches for maximum effectiveness.",2,34
What kind of content will social media algorithms favor in 2024?,"Algorithms will favor content that sparks conversations, reactions, and community engagement, particularly posts that are shared publicly or by direct message.",2,36
Why will shares become a crucial metric (KPI) in social media marketing?,"Shares will become important because they indicate that content resonates deeply with the audience, leading to greater community involvement, organic reach, and brand loyalty.",2,36
How does authenticity contribute to engagement on social media?,"Authentic, relatable content encourages people to engage, comment, and share, creating a community feeling around the brand, which enhances brand loyalty and promotes a more genuine online presence.",2,36
What will brands focus on to strengthen their online presence according to this vision?,"Brands will focus on creating content that encourages discussions, user-generated content, and community involvement, as these elements contribute to a stronger, more authentic online presence.",2,36
How do reach and impressions contribute to brand awareness on social media?,"Reach and impressions are key indicators of brand awareness because when content is widely seen and shared, it increases visibility, making the brand more noticeable to a larger audience.",2,37
Why is content sharing valuable beyond algorithm influence?,"Content that is shared demonstrates that people are discussing and advocating for the brand independently of algorithms, showing genuine interest and trust that supports organic brand growth.",2,37
What is the relationship between sharing and reach?,"Sharing directly increases reach by exposing content to a wider audience, including those outside of the brand’s immediate followers, which enhances brand visibility.",2,37
Why are reach and impressions especially relevant for paid social media content?,"For paid content, reach and impressions are crucial KPIs as they directly reflect the effectiveness of brand visibility and the potential return on investment by reaching more people through sponsored posts.",2,37
How will social media success be measured in 2024 according to the Visionaries?,"Social media success will be measured not only by engagement but also by reach and impressions, which will be critical for evaluating a brand's online presence.",2,38